{"cameraMode":{"drawMode":0,"name":"Shaded","section":"Shading Mode"},"sceneLighting":false,"audioPlay":false,"sceneViewState":{"showFog":false,"showMaterialUpdate":false,"showSkybox":false,"showFlares":false,"showImageEffects":false,"showParticleSystems":false},"in2DMode":false,"pivot":{"x":0.4053685963153839,"y":3.0885467529296877,"z":-2.4958410263061525},"rotation":{"x":0.26614728569984438,"y":-0.005783572793006897,"z":0.001596915302798152,"w":0.9639137387275696},"size":7.611471652984619,"orthographic":false}